I-10	Texas	Baytown, Beaumont, Boerne, Channelview, El Paso, Fort Stockton, Houston, Katy, Kerrville, Luling, Orange, San Antonio, Sealy, Seguin, Vidor
I-10	Arizona	Avondale, Buckeye, Casa Grande, Chandler, Elot, Goodyear, Guadalupe, Marana, Phoenix, South Tucson, Tempe, Tucson
I-10	Florida	Brent, Crestview, De Funiak Springs, Ensley, Ferry Pass, Jacksonville, Lake City, Marianna, Pensacola, Tallahassee
I-10	Louisiana	Baton Rouge, Breaux Bridge, Eden Isle, Gonzales, Jennings, Kenner, Lafayette, Lake Charles, Laplace, Metairie, New Orleans, Orange, Port Allen, Rayne, Reserve, Scott, Slidell, Sulphur, West Lake
I-10	California	Alhambra, Baldwin Park, Banning, Beaumont, Bloomington, Blythe, Calimesa, Cathedral City, Claremont, Coachella, Colton, Covina, East Los Angeles, El Monte, Fontana, Indio, Loma Linda, Los Angeles, Montclair, Monterey Park, Ontario, Palm Springs, Pomona, Redlands, Rialto, Rosemead, San Bernardino, San Dimas, San Gabriel,Santa Monica, Thousand Palms, Upland, West Covina, Yucaipa
I-10	New Mexico	Anthony, Deming, Las Cruces
I-10	Mississippi	Biloxi, Diamondhead, D'Iberville, Gulf Hills, Gulfport, Moss Point, St. Martin
I-10	Alabama	Tillmans Corner, Theodore, Mobile, Daphne
I-12	Louisiana	Baton Rouge, Denham Springs, Hammond, Lacombe, Slidell
I-14	Texas	Copperas Cove, Killeen, Harker Heights, Belton
I-15	Utah	American Fork, Bountiful, Brigham City, Cedar City, Centerville, Clearfield, Draper, Farmington, Hurricane, Kaysville, Layton, Lehi, Lindon, Midvale, Millcreek, Murray, North Salt Lake, Ogden, Orem, Payson, Pleasant Grove, Provo, Riverdale, Roy, Salt Lake City, Sandy, South Salt Lake, Spanish Fork, Springville, St. George, Sunset, Washington, Woods Cross
I-15	Montana	Butte-Silver Bow, Great Falls, Helena, Helena Valley West Central
I-15	California	Apple Valley, Barstow, Corona, Escondido, Fontana, Hesperia, Lake Elsinore, Murrieta, Norco, Ontario, Rancho Cucamonga, Rialto, San Diego, Temecula, Victorville, Wildomar
I-15	Idaho	Blackfoot, Chubbuck, Idaho Falls, Pocatello
I-15	Nevada	Enterprise, Las Vegas, Mesquite, Moapa Town, North Las Vegas, Paradise
I-15	Arizona	Mesquite
I-16	Georgia	Garden City, Macon, Pooler, Savannah
I-17	Arizona	Camp Verde, Flagstaff, New River, Phoenix
I-19	Arizona	Green Valley, Nogales, Rio Rico Southeast, South Tucson, Tucson
I-2	Texas	Alamo, Donna, Harlingen, McAllen, Mercedes, La Feria, Mission, Pharr, Weslaco
I-20	Texas	Abilene, Arlington, Balch Springs, Benbrook, Big Spring, Colorado City, Dallas, Duncanville, Forest Hill, Fort Worth, Grand Prairie, Kilgore, Lancaster, Longview, Marshall, Mesquite, Midland, Monahans, Odessa, Pecos, Sweetwater, Terrell, Weatherford, West Odessa
I-20	Alabama	Anniston, Bessemer, Birmingham, Fairfield, Irondale, Leeds, Midfield, Moody, Oxford, Pell City, Tuscaloosa
I-20	Georgia	Atlanta, Augusta-Richmond County, Candler-McAfee, Conyers, Covington, Douglasville, Evans, Gresham Park, Mableton, Martinez, Panthersville, Villa Rica
I-20	Louisiana	Bossier City, Claiborne, Grambling, Minden, Monroe, Ruston, Shreveport, Tallulah, Vicksburg, West Monroe
I-20	Mississippi	Brandon, Clinton, Forest, Jackson, Meridian, Pearl, Richland, Vicksburg
I-20	South Carolina	Augusta-Richmond County, Columbia, Dentsville, Forest Acres, Lexington, Lugoff, North Augusta, Seven Oaks, St. Andrews, Woodfield
I-22	Mississippi	Tupelo, New Albany, Holly Springs
I-22	Alabama	Birmingham
I-24	Tennessee	Chattanooga, Clarksville, East Ridge, La Vergne, Manchester, Murfreesboro, Nashville-Davidson, Smyrna
I-24	Kentucky	Clarksville, Metropolis, Paducah
I-24	Illinois	Metropolis
I-25	New Mexico	Albuquerque, Belen, Bernalillo, Eldorado at Santa Fe, Las Cruces, Las Vegas, Los Lunas, Raton, Socorro, South Valley, Truth or Consequences
I-25	Wyoming	Casper, Cheyenne, Douglas
I-25	Colorado	Broomfield, Castle Pines, Castle Rock, Castlewood, Colorado Springs, Denver, Fort Collins, Fountain, Greenwood Village, Loveland, Northglenn, Pueblo, Pueblo West, Security-Widefield, Sherrelwood, Stratmoor, Thornton, Trinidad, Westminster, Woodmoor
I-26	South Carolina	Cayce, Charleston, Clinton, Columbia, Ladson, North Charleston, Oak Grove, Seven Oaks, St. Andrews, West Columbia
I-26	North Carolina	Ashville, Hendersonville
I-26	Tennessee	Erwin, Johnson City, Kingsport
I-27	Texas	Amarillo, Canyon, Lubbock, Planview, Tulia
I-29	South Dakota	Brookings, Sioux City, Sioux Falls, Waterton
I-29	North Dakota	Fargo, Grand Forks
I-29	Iowa	Council Bluffs, Sioux City
I-29	Missouri	Gladstone, Saint Joseph, Kansas City
I-30	Texas	Arlington, Dallas, Fort Worth, Garland, Grand Prairie, Greenville, Mesquite, Mount Pleasant, New Boston, Rockwall, Sulphur Springs, Texarkana
I-30	Arkansas	Arkadelphia, Benton, Bryant, Hope, Little Rock, Malvern, North Little Rock, Texarkana
I-35	Texas	Austin, Bellmead, Belton, Denton, Gainesville, Georgetown, Hillsboro, Laredo, Live Oak, New Braunfels, Robinson, Round Rock, San Antonio, San Marcos, Schertz, Temple, Waco
I-35	Minnesota	Albert Lea, Burnsville, Cloquet, Duluth, Faribault, Forest Lake, Lakeville, Owatonna
I-35	Oklahoma	Ardmore, Blackwell, Edmond, Guthrie, Moore, Newcastle, Norman, Oklahoma City, Pauls Valley, Perry, Purcell
I-35	Kansas	Andover, Emporia, Gardner, Haysville, Kansas City, Lenexa, Merriam, Mission, Olathe, Ottawa, Overland Park, Wichita
I-35	Iowa	Ames, Ankeny, Clear Lake, Clive, Urbandale, West Des Moines
I-35	Missouri	Kansas City, Liberty
I-35E	Texas	Carrollton, Corinth, Dallas, Denton, DeSoto, Farmers Branch, Lancaster, Lewisville, Waxahachie
I-35E	Minnesota	Apple Valley, Burnsville, Eagan, Lino Lakes, Little Canada, Maplewood, Mendota Heights, St. Paul, Vadnais Heights, White Bear Lake
I-35W	Texas	Denton, Flower Mound, Fort Worth
I-35W	Minnesota	Arden Hills, Blaine, Bloomington, Burnsville, Lino Lakes, Minneapolis, New Brighton, Richfield, Roseville, Shoreview
I-37	Texas	Corpus Christi, San Antonio
I-39	Wisconsin	Plover, Portage, Rib Mountain, Stevens Point
I-39	Illinois	La Salle, Rochelle, Rockford
I-4	Florida	Altamonte Springs, Citrus Ridge, De Bary, Deltona, East Lake-Orient Park, Fairview Shores, Lake Mary, Lakeland, Longwood, Maitland, Mango, Orange City, Orlando, Plant City, Sanford, Seffner, Tampa, Thonotosassa, Wekiwa Springs, Winston
I-40	Tennessee	Brownsville, Cookeville, Crossville, Dickson, Fairview, Farragut, Harriman, Jackson, Knoxville, Lebanon, Memphis, Mount Juliet, Nashville-Davidson, Newport, Sevierville
I-40	North Carolina	Asheville, Black Mountain, Burlington, Cary, Chapel Hill, Clemmons, Conover, Durham, Garner, Graham, Greensboro, Hickory, Kernersville, Mebane, Morganton, Murraysville, Raleigh, Statesville, Winston-Salem
I-40	New Mexico	Albuquerque, Gallup, Grants, Tucumcari
I-40	Arizona	Flagstaff, Holbrook, Kingman, New Kingman-Butler, Winslow
I-40	Oklahoma	Clinton, Del City, El Reno, Elk City, Henryetta, Midwest City, Oklahoma City, Sallisaw, Seminole, Shawnee, Weatherford, Yukon
I-40	Arkansas	Clarksville, Conway, Forrest City, Morrilton, North Little Rock, Russellville, Van Buren, West Memphis
I-40	Texas	Amarillo
I-40	California	Barstow, Needles
I-41	Wisconsin	Milwaukee, Menomonee Falls, Germantown, Rishfield, Slinger, Fond Du Loc, North Fond Du Loc, Oshkosh, Neenah, Town of Menasha, Town of Grand Chute, Appleton, Town of Little Chute, Kaukauna, Ashwaubenon, Green Bay
I-43	Wisconsin	Bellevue Town, Beloit, Delavan, Elkhorn, Fox Point, Glendale, Grafton, Green Bay, Greenfield, Howard, Manitowoc, Mequon, Milwaukee, Mukwonago, New Berlin, Sheboygan
I-44	Oklahoma	Chickasha, Edmond, Fair Oaks, Lawton, Miami, Newcastle, Oklahoma City, Sapulpa, Tulsa, Vinita
I-44	Missouri	Crestwood, Eureka, Kirkwood, Lebanon, Marshfield, Rolla, Shrewsbury, Springfield, St. Louis, Sunset Hills, Webster Groves, Wildwood
I-44	Texas	Burkburnett, Wichita Falls
I-45	Texas	Conroe, Corsicana, Dallas, Dickinson, Ennis, Galveston, Hitchcock, Houston, Huntsville, La Marque, League City, Spring, Texas City, Webster
I-49	Louisiana	Alexandria, Carencro, Lafayette, Natchitoches, Opelousas, Shreveport
I-49	Missouri	Joplin, Kansas City
I-49	Arkansas	Texarkana, Fayetteville, Bentonville, Springdale, Rogers
I-5	California	Anaheim, Anderson, Avenal, Bakersfield, Buena Park, Burbank, Camp Pendeleton South, Carlsbad, Centralia, Chula Vista, Commerce, Corning, Country Club, Dana Point, Downey, East Los Angeles, Encinitas, Fullerton, Glendale, Irvine, Kelso, Kent, La Mirada, Lacey, Laguna West-Lakeside, Lake Forest, Lathrop, Lodi, Los Angeles, Lynwood, martha Lake, Marysville, Medvord, Mission Viejo, Montebello, National City, Norwalk, Ocenaside, Orange, Orland, Olympia, Red Bluff, Redding, Sacramento, San Clemente, San Diego, San Juan Capistrano, Santa Ana, Santa Clarita, Santa Fe Springs, Shasta Lake, Solana Beach, Stockton, Tustin, Willows, Woodland, Yreka
I-5	Oregon	Albany, Ashland, Central Point, Cottage Grove, Eugene, Four Corners, Grants Pass, Green, Hayesville, Lake Oswego, Medford, Grants Pass, Portland, Roseburg, Roseburg North, Salem, Springfield, Sutherlin, Tigard, Tualatin, Vancouver, Wilsonville, Woodburn
I-5	Washington	Alderwood Manor, Arlington, Bellingham, Burlington, Centrailia, Chehalis, Des Moines, Everett, Federal Way, Ferndale, Fort Lewis, Hazel Dell North, Kelso, Kent, Lacey, Lakeland North, Lakeland South, Lakewood, Martha Lake, Marysville, Mount Vernon, Mount Vista, Mountlake Terrace, Olympia, Paine Field-Lake Stickney, Picnic Point- North Lynwood, Salmon Creek, Seatac, Seattle, Seatlle Hill-Silver Firs, Shoreline, Tacoma, Tanglewilde-Thompson Place, Tukwila, Tumwater, Vancouver
I-55	Illinois	Bloomington, Bolingbrook, Channahon, Chicago, Collinsville, Countryside, Darien, East St. Louis, Glen Carbon, Joliet, Litchfield, Normal, Plainfield, Pontiac, Romeoville, Shorewood, Springfield, Stickney, Summit, Troy, Willowbrook, Woodridge
I-55	Mississippi	Batesville, Brookhaven, Byram, Canton, Crystal Springs, Grenada, Jackson, Madison, McComb, Richland, Ridgeland, Senatobia, Southaven
I-55	Missouri	Affton, Arnold, Barnhart, Cape Girardeau, East St. Louis, Festus, Lemay, Mehlville, Perryville, Sikeston, St. George
I-55	Arkansas	Blytheville, Marion, Memphis, Osceola, West Memphis
I-55	Louisiana	Hammond, Laplace, Ponchatoula
I-55	Tennessee	Memphis, Southhaven
I-57	Illinois	Benton, Blue Island, Bourbonnais, Bradley, Calumet Park, Champaign, Chicago, Country Club Hills, Effingham, Kankakee, Marion, Markham, Matteson, Mattoon, Mount Vernon, Oak Forest, Rantoul, Richton Park, Riverdale, Salem, University Park, West Frankfort
I-57	Missouri	Sikeston
I-59	Alabama	Attalla, Birmingham, Fort Payne, Gadsden, Trussville
I-59	Mississippi	Hattiesburg, Laurel, Picayune, West Hattiesburg
I-59	Louisiana	Slidell
I-64	Virginia	Charlottesville, Chesapeake, Covington, Dumbarton, East Highland Park, Hampton, Highland Springs, Lakeside, Montrose, Newport News, Norfolk, Richmond, Tuckahoe, Virginia Beach, Waynesboro
I-64	West Virginia	Beckley, Charleston, Cross Lanes, Dunbar, Huntington, Hurricane, Nitro, Pea Ridge, South Charleston, Teays Valley
I-64	Kentucky	Frankfort, Jeffersontown, Lexington-Fayette, Louisville, Middletown, Morehead, Mount Sterling, Shelbyville, St. Matthews, Winchester
I-64	Illinois	East St. Louis, Fairview Heights, Mascoutah, Mount Vernon, O'Fallon, Washington Park
I-64	Indiana	Louisville, New Albany
I-64	Missouri	Brentwood, Chesterfield, Ladue, Lake St. Louis, O'Fallon, Richmond Heights, St. Louis, Town and Country, Wentzville
I-65	Alabama	Alabaster, Athens, Birmingham, Chickasaw, Clanton, Cullman, Decatur, Fultondale, Gardendale, Greenville, Hartselle, Homewood, Millbrook, Mobile, Montgomery, Pelham, Prichard, Saraland, Satsuma, Vestavia Hills
I-65	Indiana	Clarksville, Columbus, Crown Point, Franklin, Gary, Greenwood, Hobart, Indianapolis, Jeffersonville, Lafayette, Lake Station, Lebanon, Louisville, Merrillville, Roselawn, Scottsburg, Sellersburg, Seymour
I-65	Kentucky	Bowling Green, Elizabethtown, Hillview, Louisville, Okolona
I-65	Tennessee	Brentwood, Columbia, Franklin, Goodlettsville, Nashville-Davidson
I-66	Virginia	Arlington, Centreville, Chantilly, Dunn Loring, Fairfax, Front Royal, Idylwood, McLean, Merrifield, Oakton, Vienna, Washington
I-66	District of Columbia	Washington, D.C.
I-68	Maryland	Cumberland
I-68	West Virginia	Cheat Lake, Morgantown
I-69	Indiana	Anderson, Auburn, Fishers, Fort Wayne, Gas City, Indianapolis, Washington, Bloomington
I-69	Michigan	Burton, Charlotte, Coldwater, Flint, Marshall, Port Huron
I-69	Texas	Corpus Christi, Houston, Humble, Stafford, Sugar Land
I-69	Kentucky	Princeton, Madisonville, Henderson
I-69	Mississippi	Hernando
I-69	Tennessee	Bartlett, Memphis, Southaven
I-69 Central	Texas	Pharr
I-69 East	Texas	Brownsville, Combes, Harlingen, San Benito
I-69 West	Texas	Laredo
I-70	Colorado	Applewood, Arvada, Clifton, Denver, Edwards, Fruitvale, Glenwood Springs, Golden, Grand Junction, Lakewood, Rifle, Wheat Ridge
I-70	Kansas	Abilene, Bonner Springs, Colby, Hays, Kansas City, Lawrence, Salina, Topeka
I-70	Missouri	Berkeley, Blue Springs, Boonville, Bridgeton, Columbia, Independence, Kansas City, Lake St. Louis, Maryland Heights, O'Fallon, St. Ann, St. Charles, St. Louis, St. Peters, Wentzville
I-70	Utah	Richfield
I-70	Ohio	Cambridge, Columbus, Englewood, Huber Heights, Pickerington, Springfield, St. Clairsville, Vandalia, Zanesville
I-70	Pennsylvania	Somerset, Washington
I-70	Indiana	Greenfield, Indianapolis, Plainfield, Richmond, Terre Haute
I-70	Illinois	Greenville, Highland, St. Louis, Vandalia
I-70	Maryland	Ballenger Creek, Baltimore, Ellicott City, Frederick, Green Valley, Halfway, Linganore-Bartonsville, Mount Airy, Woodlawn
I-70	West Virginia	Wheeling
I-71	Ohio	Blue Ash, Brook Park, Brooklyn, Brunswick, Cincinnati, Cleveland, Columbus, Covington, Grove City, Kenwood, Landen, Lebanon, Madeira, Mansfield, Mason, Middleburg Heights, Montgomery, Norwood, Silverton, Strongsville
I-71	Kentucky	Covington, Erlanger, Florence, Fort Mitchell, Fort Wright, La Grange, Louisville
I-72	Illinois	Champaign, Decatur, Springfield
I-72	Missouri	Hannibal
I-73*	North Carolina	Asheboro, Emery, Ellerbe, Greensboro
I-74	Illinois	Bloomington, Champaign, Danville, East Peoria, Galesburg, Moline, Morton, Peoria, Urbana
I-74	Indiana	Beech Grove, Brownsburg, Crawfordsville, Danville, Greensburg, Indianapolis, Shelbyville, Speedway
I-74	North Carolina	Greensboro, Kernersville, Lumberton, Mount Airy, Winston-Salem
I-74	Ohio	Cincinnati, Dent, Harrison
I-74	Iowa	Bettendorf, Davenport
I-75	Florida	Alachua, Bonita Springs, Brandon, Davie, Estero, Fort Myers, Fruitville, Gainesville, Gibsonton, Hialeah, Lake City, Mango, Miami Lakes, Miramar, North Fort Myers, North Port, Ocala, Pembroke Pines, Riverview, Ruskin, Sunrise, Tampa, Venice, Wesley Chapel, Weston
I-75	Michigan	Allen Park, Auburn Hills, Bloomfield Township, Buena Vista, Detroit, Flint, Hamtramck, Hazel Park, Lincoln Park, Madison Heights, Melvindale, Monroe, Royal Oak, Sault Ste Marie, Sault Ste. Marie, Southgate, Taylor, Troy, Woodhaven
I-75	Georgia	Adel, Atlanta, Calhoun, Cartersville, Cordele, Dalton, Forest Park, Fort Oglethorpe, Hapeville, Kennesaw, Macon, Marietta, Morrow, Perry, Stockbridge, Tifton, Valdosta
I-75	Ohio	Beckett Ridge, Bowling Green, Cincinnati, Dayton, Findlay, Franklin, Lima, Miamisburg, Moraine, Northridge, Northwood, Perrysburg, Piqua, Reading, Rossford, Sharonville, Sidney, Springboro, Tipp City, Toledo, Troy, Vandalia, Wapakoneta, West Carrollton City
I-75	Kentucky	Berea, Corbin, Georgetown, Lexington-Fayette, London, North Corbin, Richmond, Williamsburg
I-75	Tennessee	Athens, Chattanooga, Cleveland, East Ridge, Knoxville, Lenoir City, Sweetwater
I-76	Pennsylvania	Carlisle, Fernway, Hampton Township, King of Prussia, Lionville-Marchwood, Middletown, Municipality of Monroeville, Oakmont, Philadelphia, Plum
I-76	Colorado	Arvada, Berkley, Brighton, Commerce City, Denver, Derby, Fort Morgan, Sterling, Thornton, Wheat Ridge
I-76	Ohio	Akron, Barberton, Canfield, Norton, Tallmadge, Wadsworth
I-76	New Jersey	Bellmawr, Camden, Gloucester City, Philadelphia
I-76	Nebraska	None
I-77	West Virginia	Bluefield, Charleston, Parkersburg
I-77	Ohio	Akron, Brecksville, Broadview Heights, Canton, Cleveland, Dover, Fairlawn, Green, Independence, Marietta, Montrose-Ghent, New Philadelphia
I-77	North Carolina	Charlotte, Mooresville, Statesville
I-77	South Carolina	Cayce, Columbia, Dentsville, Forest Acres, Fort Mill, Rock Hill, Woodfield
I-77	Virginia	Wytheville
I-78	Pennsylvania	Allentown, Bethlehem, Hellertown
I-78	New Jersey	Bayonne, Berkeley Heights, Hillside, Irvington, Jersey City, Millburn, Mountainside, New York, Newark, Phillipsburg, Springfield, Summit, Union, Watchung
I-78	New York	New York City
I-79	Pennsylvania	Bridgeville, Canonsburg, Erie, Franklin Park, Kennedy Township, Robinson Township, Scott Township
I-79	West Virginia	Bridgeport, Clarksburg
I-8	Arizona	Casa Grande, Fortuna Foothills, Yuma
I-8	California	Alpine, Casa de Oro-Mount Helix, El Cajon, El Centro, La Mesa, San Diego, Yuma
I-80	Nebraska	Chalco, Council Bluffs, Kearney, Lincoln, North Platte, Ogallala, Omaham Sidney, York
I-80	Nevada	Elko, Fernley, Reno, Sparks, Winnemucca
I-80	Wyoming	Cheyenne, Evanston, Green River, Laramie, Rawlins, Rock Springs
I-80	Pennsylvania	Arlington Heights, Bloomsburg, East Stroudsburg, Stroudsburg
I-80	Iowa	Altoona, Bettendorf, Coralville, Council Bluffs, Davenport, Iowa City, Newton, West Des Moines
I-80	Ohio	Berea, Brecksville, Broadview Heights, Elyria, Girard, Hudson, Maumee, North Ridgeville, North Royalton, Olmsted Falls, Rossford, Streetsboro, Strongsville, Toledo
I-80	California	Albany, Auburn, Berkeley, Citrus Heights, Davis, Dixon, El Cerrito, Emeryville, Fairfield, Foothill Farms, Hercules, Loomis, North Auburn, North Highlands, Oakland, Pinole, Richmond, Rocklin, Rodeo, Roseville, Sacramento, San Francisco, San Pablo, Truckee, Vacaville, Vallejo, West Sacramento
I-80	Utah	Canyon Rim, Salt Lake City, South Salt Lake, Summit Park
I-80	Illinois	Channahon, Country Club Hills, Geneseo, Hazel Crest, Homewood, Joliet, La Salle, Lansing, Markham, Mokena, Morris, Munster, New Lenox, Ottawa, Peru, Princeton, South Holland, Tinley Park
I-80	Indiana	Chesterton, Elkhart, Gary, Granger, Hammond, Lake Station, Mishawaka, Munster, Portage, South Bend
I-80	New Jersey	Allamuchy-Panther Valley, Bogota, Elmwood Park, Fairfield, Fort Lee, Hackensack, Leonia, Lodi, Paterson, Ridgefield Park, Rochelle Park, Rockaway, Saddle Brook, Teaneck, Totowa, Wayne, West Paterson, Wharton, White Meadow Lake
I-81	Virginia	Abingdon, Bristol, Christiansburg, Emory-Meadow View, Harrisonburg, Hollins, Marion, Radford, Salem, Winchester, Wytheville
I-81	Pennsylvania	Carlisle, Chambersburg, Colonial Park, Dunmore, Harrisburg, Linglestown, Moosic, Mountain Top, Paxtonia, Scranton
I-81	New York	Binghamton, Cortland, Mattydale, North Syracuse, Syracuse, Watertown
I-81	Tennessee	Bristol, Kingsport
I-81	West Virginia	Martinsburg
I-81	Maryland	Hagerstown, Halfway
I-82	Washington	Grandview, Kennewick, Sunnyside, Yakima
I-82	Oregon	Hermiston
I-83	Pennsylvania	Colonial Park, East York, Harrisburg, Lower Allen, New Cumberland, Progress, York
I-83	Maryland	Baltimore, Cockeysville, Lutherville-Timonium, Mays Chapel, Pikesville, Towson
I-84	Oregon	Baker City, City of The Dalles, Gresham, Hood River, La Grande, Ontario, Pendleton, Portland, Troutdale
I-84	Idaho	Boise City, Burley, Caldwell, Meridian, Mountain Home, Nampa
I-84	Utah	Riverdale
I-84	Connecticut	Danbury, East Hartford, Hartford, New Britain, Waterbury, West Hartford
I-84	New York	Beacon, Danbury, Lake Carmel, Newburgh, Orange Lake, Port Jervis
I-84	Pennsylvania	Dunmore
I-84	Massachusetts	None
I-85	North Carolina	Archdale, Belmont, Charlotte, Concord, Durham, Gastonia, Henderson, High Point, Hillsborough, Kannapolis, Kings Mountain, Lexington, Oxford, Salisbury, Thomasville, Trinity
I-85	Georgia	Atlanta, College Park, East Point, Hapeville, LaGrange, Newnan, Norcross, North Atlanta, North Druid Hills, Union City
I-85	South Carolina	Gaffney, Gantt, Greenville, Greer, Powderville
I-85	Alabama	Auburn, Lanett, Montgomery, Opelika, Tuskegee
I-85	Virginia	Petersburg
I-86	New York	Bath, Corning, Horseheads, Jamestown, Olean, Salamanca, St. Bonaventure
I-86	Idaho	Chibbuck, Pocatello
I-87	New York	Albany, Chestnut Ridge, Colonie, Glens Falls North, Kingston, Monsey, Nanuet, Nyack, Orange Lake, Plattsburgh, Saratoga Springs, Spring Valley, Suffern, Tarrytown, Valley Cottage, West Glens Falls, Westmere, Yonkers
I-87	North Carolina	Raleigh
I-88	Illinois	Aurora, DeKalb, Dixon, Downers Grove, Lisle, Naperville, North Aurora, Oak Brook, Rochelle, Warrenville
I-88	New York	Oneonta
I-89	Vermont	Lebanon, Montpelier, South Burlington, Winooski
I-89	New Hampshire	Concord, Lebanon
I-90	Montana	Anaconda-Deer Lodge County, Billings, Bonner-West Riverside, Bozeman, Butte-Silver Bow, Livingston, Missoula, St. Regis
I-90	South Dakota	Brandon, Mitchell, Rapid City, Sioux Falls, Spearfish
I-90	New York	Albany, Amsterdam, Dunkirk, Hamburg, Herkimer, Lackawanna, Mattydale, Oneida, Rensselaer, Utica, West Seneca, Williamsville
I-90	Washington	Bellevue, Dishman, Ellensburg, Green Acres, Issaquah, Mercer Island, Moses Lake, Opportunity, Seattle, Spokane, Veradale, West Lake Sammamish
I-90	Minnesota	Albert Lea, Austin, Fairmont, Worthington
I-90	Ohio	Avon, Cleveland, Conneaut, Elyria, Euclid, Lakewood, Mentor, Rocky River, Westlake, Wickliffe, Willoughby, Willoughby Hills
I-90	Wyoming	Gillette, Sheridan
I-90	Indiana	Chicago, East Chicago, Gary, Hammond, Lake Station
I-90	Massachusetts	Boston, Brookline, Chicopee, Cochituate, Framingham, Newton, West Springfield, Westfield
I-90	Illinois	Belvidere, Chicago, Des Plaines, Elgin, Elk Grove Village, Hoffman Estates, Loves Park, Machesney Park, Rockford, Rolling Meadows, Schaumburg
I-90	Wisconsin	Beloit, DeForest, Janesville, La Crosse, Madison, Onalaska, Sparta, Tomah
I-90	Idaho	Couer D'Alene, Ports Falls
I-90	Pennsylvania	Conneaut
I-91	Vermont	Brattleboro, Saint Johnsbury
I-91	Connecticut	Hartford, Longmeadow, Meriden, Middletown, New Haven, North Haven, Sherwood Manor, Southwood Acres, Thompsonville, Wallingford Center, Wethersfield, Windsor Locks
I-91	Massachusetts	Chicopee, Easthampton, Greenfield, Holyoke, Longmeadow, Northampton, Springfield, West Springfield
I-93	New Hampshire	Concord, Derry, Londonderry, Manchester, Methuen, South Hooksett
I-93	Massachusetts	Boston, Braintree, Medford, Methuen, Milton, Quincy, Randolph, Reading, Somerville, Stoneham, Wilmington, Woburn
I-93	Vermont	Saint Johnsbury
I-94	North Dakota	Bismarck, Dickinson, Fargo, Jamestown, Mandan, Valley City
I-94	Wisconsin	Brookfield, Delafield, Eau Claire, Hudson, Kenosha, Madison, Menomonie, Milwaukee, Oak Creek, Pleasant Prairie, Tomah, Waukesha, Wauwatosa, West Allis
I-94	Michigan	Albion, Allen Park, Ann Arbor, Battle Creek, Benton Heights, Dearborn, Detroit, Eastpointe, Fair Plain, Harper Woods, Kalamazoo, Marshall, Portage, Romulus, Roseville, St. Clair Shores, Taylor, Ypsilanti
I-94	Minnesota	Alexandria, Brooklyn Center, Brooklyn Park, Fargo, Fergus Falls, Lake Elmo, Maple Grove, Maplewood, Minneapolis, Monticello, Moorhead, Oakdale, Otsego, St. Paul, Woodbury
I-94	Montana	Miles City
I-94	Illinois	Calumet City, Chicago, Deerfield, Dolton, Glencoe, Gurnee, Lake Forest, Lincolnshire, Lincolnwood, Morton Grove, Northbrook, Northfield, Skokie, South Holland, Waukegan, Wilmette
I-94	Indiana	Chesterton, Lake Station, Portage
I-95	Florida	Boca Raton, Boynton Beach, Cocoa West, Dania Beach, Daytona Beach, Deerfield Beach, Delray Beach, Edgewater, Fort Lauderdale, Fort Pierce, Fort Pierce South, Golden Glades, Hallandale, Hollywood, Ives Estates, Jacksonville, Jupiter, Lake Worth, Lantana, Melbourne, Miami, Mims, New Smyrna Beach, Norland, North Miami, North Miami Beach, Oakland Park, Ojus, Ormond Beach, Palm Bay, Palm Beach Gardens, Palm City, Palm Coast, Pinewood, Pompano Beach, Port Orange,Port St. Lucie, Riviera Beach, Rockledge, Titusville, West Little River, West Melbourne, West Palm Beach, West Vero Corridor
I-95	Maine	Auburn, Augusta, Bangor, Biddeford, Lewiston, Old Town, Portland, Saco, South Portland, Waterville
I-95	South Carolina	Dillon
I-95	North Carolina	Dunn, Fayetteville, Hope Mills, Lumberton, Roanoke Rapids, Rocky Mount, Selma, Smithfield, Wilson
I-95	Virginia	Alexandria, Ashland, Bellwood, Bensley, Chester, Colonial Heights, Dale City, Emporia, Franconia, Fredericksburg, Glen Allen, Huntington, Lorton, Newington, Petersburg, Richmond, Rose Hill, Springfield, Woodbridge
I-95	Georgia	Dock Junction, Kingsland, Pooler, Richmond Hill, Savannah, St. Marys
I-95	Connecticut	Branford Center, Bridgeport, East Haven, Groton, Milford city, New Haven, New London, Norwalk, Orange, Stamford, Stratford, West Haven, Westport
I-95	Maryland	Aberdeen, Adelphi, Arbutus, Baltimore, Beltsville, Calverton, Edgewood, Elkridge, Elkton, Hillandale, Joppatowne, Laurel, North Laurel, Rosedale, Rossville, Savage-Guilford, White Marsh
I-95	New Jersey	Carlstadt, Carteret, East Brunswick, East Rutherford, Edison, Elizabeth, Ewing, Fords, Fort Lee, Kearny, Linden, Lyndhurst, Milltown, New Brunswick, New York, Newark, Ridgefield, Ridgefield Park, Rutherford, Secaucus, Teaneck, Woodbridge
I-95	Massachusetts	Amesbury, Attleboro, Burlington, Danvers, Dedham, Lexington, Lynnfield, Needham, Newburyport, Newton, Norwood, Pawtucket, Peabody, Reading, Wakefield, Waltham, Wellesley, Woburn
I-95	Pennsylvania	Boothwyn, Chester, Folcroft, Philadelphia, Ridley Park, Woodlyn
I-95	Rhode Island	Cranston, Pawtucket, Providence, Warwick, West Warwick
I-95	New York	Harrison, Larchmont, Mamaroneck, New Rochelle, New York, Pelham Manor, Port Chester, Rye
I-95	Delaware	Brookside, Claymont, Newark, Wilmington
I-95	New Hampshire	Hampton, Portsmouth
I-95	District of Columbia	Washington
I-96	Michigan	Brighton, Detroit, Farmington Hills, Forest Hills, Grand Rapids, Howell, Kentwood, Lansing, Livonia, Norton Shores, Novi, Plymouth Township, Redford, Walker, Wixom
I-97	Maryland	Ferndale, Linthicum, Severn, South Gate
I-99	Pennsylvania	Altoona, Bedford, States College, Tyrone
I-99	New York	Erwin
